nom,ville,code_postal,departement,adresse,telephone,site_web,emails,statut_email
Agence Florian Immobilier,Antony,92160,92,2 rue Eglise 92160 Antony,0155598383,https://www.agence-florian.com/,transaction@agence-florian.com,CONFIRMÉ
Jacques Immobilier,Antony,92160,92,37 avenue Aristide Briand 92160 Antony,0146152299,https://www.jacquesimmobilier.fr/,patricejacques@orange.fr,CONFIRMÉ
Agence immobilière l'Adresse Antony Parc,Antony,92160,92,8 rue Adolphe Pajeaud 92160 Antony,0175499130,https://www.ladresse.com/agence/l-adresse-agence-antony-parc/234,developpement@ladresse.com,CONFIRMÉ
Agence immobilière l'Adresse  Antony N20,Antony,92160,92,174 avenue Division Leclerc 92160 Antony,0184198090,https://www.ladresse.com/agence/l-adresse-agence-antony-n20/235,contact@ladresse.com [À VÉRIFIER],DEVINÉ
Antony Agence De La Gare,Antony,92160,92,8 rue Maurice Labrousse 92160 Antony,0146749494,https://www.orpi.com/agencedelagareantony/,agencedelagareantony@orpi.com,CONFIRMÉ
Antony Immo Orpi,Antony,92160,92,11 Bis avenue Division Leclerc 92160 Antony,0146749797,https://fr.mappy.com/poi/5beadb240351d130e655df09,antonyimmo@orpi.com,CONFIRMÉ
Foncia Immobilias,Antony,92160,92,19 rue Auguste Mounie 92160 Antony,0146747979,https://fr.foncia.com/agence-immobiliere/antony-92160/agence-immobiliere/foncia-colbert-mounie-2440,antony@foncia.fr,CONFIRMÉ
Citya Antony Immobilier,Antony,92160,92,35 avenue Division Leclerc 92160 Antony,0146161617,https://www.citya.com/agences-immobilieres/antony-92160/407,qualite@citya.com | rgpd@citya.com | brey@citya.com,CONFIRMÉ
Foncia Transaction,Antony,92160,92,21 rue Auguste Mounie 92160 Antony,0146747979,https://fr.foncia.com/agence-immobiliere/antony-92160/agence-immobiliere/foncia-transaction-antony-mounie-1000,ft-efimo-antonymounie@foncia.fr,CONFIRMÉ
Foncia Groupe,Antony,92160,92,13 avenue Lebrun 92160 Antony,0155525252,https://fr.mappy.com/poi/6400ffd6f903d612a9d48156,contact@fr.mappy.com [À VÉRIFIER],DEVINÉ
Laforêt,Antony,92160,92,26 32 26 avenue Division Leclerc 92160 Antony,0146745454,https://www.laforet.com/agence-immobiliere/antony,antony@laforet.com,CONFIRMÉ
ANI Immobilier Agence Nguyen Immobilier,Antony,92160,92,1 avenue Jean Monnet 92160 Antony,0146749435,https://www.118712.fr/professionnels/X0pUWFJXGgg,contact@ani-immobilier.fr,CONFIRMÉ
Century 21 In Situ Immobilier,Antony,92160,92,55 avenue Aristide Briand 92160 Antony,0155590890,https://www.location-etudiant.fr/detail_agence_immobiliere-CENTURY-21-IN-SITU-IMMOBILIER-45613.html,insitu@century21france.fr,CONFIRMÉ
Agence Nestenn Immobilier ANTONY,Antony,92160,92,2 avenue Providence 92160 Antony,0146152260,https://immobilier-antony.nestenn.com/,antony@nestenn.com,CONFIRMÉ
Century 21 AES Immobilier,Antony,92160,92,112 avenue Division Leclerc 92160 Antony,0146688996,https://www.seloger.com/professionnels-immobilier/XzxNRjncFBV5AUKkWDwTuq,agence.conservatoire@century21.fr,CONFIRMÉ
OMETIM ANTONY AGENCE IMMOBILIERE,Antony,92160,92,56 rue Rabats 92160 Antony,0180873219,https://fr.mappy.com/poi/6573d52a4963d6118ef6cae4,agence.antony@ometim.com,CONFIRMÉ
Les Agences Primo Antony,Antony,92160,92,50 avenue Bois de Verrières 92160 Antony,0188601010,https://www.lesagencesprimo.com/agences/agence-immobiliere-primo-antony/,chosen-sprite@2x.png | contact@lesagencesprimo.com,CONFIRMÉ
Astra Immobilier Antony,Antony,92160,92,31 avenue Gabriel Péri 92160 Antony,0181893570,https://www.astraimmobilier.com/content/1/nos-agences.html,agence@astraimmobilier.com,CONFIRMÉ
Primo Antony Centre,Antony,92160,92,20 avenue Division Leclerc 92160 Antony,0146662000,https://www.meilleursagents.com/agence-immobiliere/agence-agence-primo-antony-centre-2480/,primorobinson@agencesprimo.com,CONFIRMÉ
Daniel Féau Boulogne,Boulogne-Billancourt,92100,92,59 avenue Jean Baptiste Clément 92100 Boulogne Billancourt,0184798437,https://danielfeau.com/fr/detail-agence-immobiliere/3198,notif.leads.boulogne@danielfeau.com,CONFIRMÉ
L' Agence du Quartier,Boulogne-Billancourt,92100,92,98 rue Galliéni 92100 Boulogne Billancourt,0146080000,https://www.agenceduquartier.fr/,contact@agenceduquartier.fr [À VÉRIFIER],DEVINÉ
ORPI Agence Les Passages,Boulogne-Billancourt,92100,92,1 rue Saussière 92100 Boulogne Billancourt,0146048787,https://www.orpi.com/agencelespassages/,agencelespassages@orpi.com,CONFIRMÉ
CENTURY 21 Marché Escudier,Boulogne-Billancourt,92100,92,45 rue Escudier 92100 Boulogne Billancourt,0185747385,https://www.century21.fr/trouver_agence/agence/1705094845/,marche.escudier@century21.fr,CONFIRMÉ
Siège social du réseau immobilier l'Adresse,Boulogne-Billancourt,92100,92,53 quai Point du Jour 92100 Boulogne Billancourt,0141410861,https://fr.mappy.com/poi/5e33f2f954c4c059b28f4f8d,contact@ladresse.com,CONFIRMÉ
Agence immobilière l'Adresse Boulogne-Billancourt,Boulogne-Billancourt,92100,92,83 rue Bellevue 92100 Boulogne Billancourt,0180885210,https://www.ladresse.com/agence/l-adresse-alv-conseils/193,contact@ladresse.com [À VÉRIFIER],DEVINÉ
Impact Immo Boulogne SARL,Boulogne-Billancourt,92100,92,bât A 94 route Reine 92100 Boulogne Billancourt,0146999494,https://commerces.boulognebillancourt.com/professionnels/V15EWlxRXVQ,contact@impact-immo.com,CONFIRMÉ
La Seine Immobilière,Boulogne-Billancourt,92100,92,4 rue Lazare Hoche 92100 Boulogne Billancourt,0143269290,https://www.la-seine-immobiliere.com/,contact@la-seine-immobiliere.com,CONFIRMÉ
Domus Immobilier,Boulogne-Billancourt,92100,92,51 boulevard Jean Jaurès 92100 Boulogne Billancourt,0155600597,https://domusimmobilier.fr/,domus@domusimmobiler.fr | domus@domusimmobilier.fr,CONFIRMÉ
Côté Particuliers,Boulogne-Billancourt,92100,92,274 boulevard Jean Jaurès 92100 Boulogne Billancourt,0141419390,https://www.coteparticuliers.com/,contact@coteparticuliers.com,CONFIRMÉ
Guy Hoquet,Boulogne-Billancourt,92100,92,46 48 46 avenue Gén Leclerc 92100 Boulogne Billancourt,0143503521,https://boulogne-centre.guy-hoquet.com/,boulognecentre@guyhoquet.com,CONFIRMÉ
Rive Ouest Immobilier,Boulogne-Billancourt,92100,92,81 avenue Jean Baptiste Clément 92100 Boulogne Billancourt,0148258100,https://riveouestimmo.com/agence-immobiliere-boulogne-billancourt/,boulogne@riveouestimmo.com | clamart@riveouestimmo.com | gestion@riveouestimmo.com | meudon@riveouestimmo.com,CONFIRMÉ
Loiselet & Daigremont Patrimoine,Boulogne-Billancourt,92100,92,67 route Reine 92100 Boulogne Billancourt,0155622600,https://annuaire-entreprises.data.gouv.fr/entreprise/582142790,boulogne@l-d.fr,CONFIRMÉ
Prestimmo Conseil,Boulogne-Billancourt,92100,92,5 avenue Gén Leclerc 92100 Boulogne Billancourt,0155202020,https://www.century21.fr/trouver_agence/agence/83525/,prestimmo@century21.fr,CONFIRMÉ
SERGIC Boulogne Billancourt,Boulogne-Billancourt,92100,92,41 rue Paul Bert 92100 Boulogne Billancourt,0158170613,https://www.immodvisor.com/professionnels/agence-immobiliere/pro/sergic-35-23200,contact@immodvisor.com [À VÉRIFIER],DEVINÉ
NESTENN MASSY,Massy,91300,91,15 rue Division Leclerc 91300 Massy,0178858080,https://immobilier-massy.nestenn.com/,massy@nestenn.com,CONFIRMÉ
Agence immobilière l'Adresse Massy,Massy,91300,91,28 avenue Raymond Aron 91300 Massy,0169531010,https://www.ladresse.com/agence/l-adresse-vilmorin-immobilier/275,ladressemassyvilmorin@gmail.com,CONFIRMÉ
Century 21,Massy,91300,91,72 rue 8 Mai 1945 91300 Massy,0164471515,https://www.century21.fr/trouver_agence/agence/83670/,etuderonsard@century21.fr,CONFIRMÉ
Nicolas Immobilier,Massy,91300,91,1 Bis rue Maurice Thorez 91300 Massy,0663058022,https://nicolas-benoit-immobilier.fr/,joindre@nicolas-benoit-immobilier.fr,CONFIRMÉ
Foncia Transaction Efimo,Massy,91300,91,43 avenue Carnot 91300 Massy,0160128086,https://www.immodvisor.com/professionnels/agence-immobiliere/pro/foncia-transaction-efimo-palaiseau-69799,contact@immodvisor.com [À VÉRIFIER],DEVINÉ
Orpi,Massy,91300,91,44 rue Marx Dormoy 91300 Massy,0169751414,https://www.orpi.com/clocher/,contact@orpi.com [À VÉRIFIER],DEVINÉ
Nexity,Massy,91300,91,51 avenue Raymond Aron 91300 Massy,0164489525,https://www.nexity.fr/annonces-immobilieres/achat-vente/appartement/neuf/massy+91,contact@nexity.fr [À VÉRIFIER],DEVINÉ
Guy Hoquet,Massy,91300,91,4 rue Gambetta 91300 Massy,0169538260,https://www.guy-hoquet.com/,contact@guy-hoquet.com [À VÉRIFIER],DEVINÉ
CDC Habitat Massy,Massy,91300,91,5 rue Théâtre 91300 Massy,0973321421,https://www.immodvisor.com/professionnels/bailleur-social/pro/cdc-habitat-21-49556,contact@immodvisor.com [À VÉRIFIER],DEVINÉ
Agence FNAIM Massy Verrières,Massy,91300,91,104 avenue Gare 91300 Massy,0169204040,https://www.seloger.com/professionnels-immobilier/AYe6tKYiAkA2TEif3M5jY4,contact@seloger.com [À VÉRIFIER],DEVINÉ
Lafôret,Massy,91300,91,38 rue Gabriel Péri 91300 Massy,0144125050,https://fr.mappy.com/poi/4d6c8410fc6925077c7110d7,contact@fr.mappy.com [À VÉRIFIER],DEVINÉ
Foncia,Massy,91300,91,38 rue Victor Basch 91300 Massy,0159303585,https://fr.foncia.com/agence-immobiliere/massy-91300/agence-immobiliere/foncia-massy-basch-6860,contact@fr.foncia.com [À VÉRIFIER],DEVINÉ
MF2A,Massy,91300,91,21 rue Division Leclerc 91300 Massy,0169300342,https://mf2a.fr/fr/,f.aranka@mf2a.fr,CONFIRMÉ
Orpi,Massy,91300,91,31 avenue Raymond Aron 91300 Massy,0169751414,https://www.orpi.com/clocher/,contact@orpi.com [À VÉRIFIER],DEVINÉ
Frabat,Massy,91300,91,2 avenue Ramolfo Garnier 91300 Massy,0169306969,https://www.frabat.com/,coudert@frabat.com,CONFIRMÉ
Massy & Palaiseau,Massy,91300,91,39 avenue Carnot 91300 Massy,0180868020,http://www.bulle-immobiliere.org/forum/viewtopic.php?t=92603,contact@bulle-immobiliere.org [À VÉRIFIER],DEVINÉ
Capitaine Loïg,Massy,91300,91,9 rue Robert Schuman 91300 Massy,0622504619,https://www.logic-immo.com/agences-immobilieres/TpWuuCPJtxqipTvzksd5ph,contact@logic-immo.com [À VÉRIFIER],DEVINÉ
Creteil Vajou Immobilier,Créteil,94000,94,Parking Brossolette 3h Gratuites 9 passage Image St Martin 94000 Créteil,0145131010,https://www.superimmo.com/agence/creteil-94000/cvi-creteil-vajou-immobilier-xnovh,contact@superimmo.com [À VÉRIFIER],DEVINÉ
Chery Crossard,Créteil,94000,94,3 rue Paul François Avet 94000 Créteil,0142071751,https://www.orpi.com/crossard/,contact@orpi.com [À VÉRIFIER],DEVINÉ
Era Groupe Avenir Immobilier,Créteil,94000,94,65 rue Gén Leclerc 94000 Créteil,0142070404,https://www.eraimmobilier.com/agence-immobiliere-creteil-31,globe@2x-s5g7n6bj.webp | flags@2x-l67j7qlu.webp | groupe-avenir@erafrance.com | mentions-legales@erafrance.com,CONFIRMÉ
Dupin Henri,Créteil,94000,94,1 rue Ernest Mallet 94000 Créteil,0780428029,https://fr.mappy.com/poi/55cffabfe4b09ac4b2585517,contact@fr.mappy.com [À VÉRIFIER],DEVINÉ
Parlons Immo Le Lac de Créteil,Créteil,94000,94,20 rue Falkirk 94000 Créteil,0148536488,https://mes-commerces.ville-creteil.fr/professionnels/VkdXRlFYW1U,contact@mes-commerces.ville-creteil.fr [À VÉRIFIER],DEVINÉ
SLS Immobilier,Créteil,94000,94,77 rue Gén Leclerc 94000 Créteil,0177350035,https://annuaire-entreprises.data.gouv.fr/entreprise/814884037,contact@annuaire-entreprises.data.gouv.fr [À VÉRIFIER],DEVINÉ
Nina Immobilier,Créteil,94000,94,54 rue Gén Leclerc 94000 Créteil,0142071212,https://nina-immobilier.fr/,contact@nina-immobilier.fr [À VÉRIFIER],DEVINÉ
Century 21,Créteil,94000,94,1 rue Porte de Brie 94000 Créteil,0148842121,https://www.century21.fr/trouver_agence/agence/785607583/,contact@century21.fr [À VÉRIFIER],DEVINÉ
Pierre Bouskila,Créteil,94000,94,10 place Salvador Allende 94000 Créteil,0636912054,https://www.drhouse-immo.com/conseiller-immobilier/creteil-94000/pierre-bouskila,contact@drhouse-immo.com [À VÉRIFIER],DEVINÉ
Immozen,Créteil,94000,94,1 avenue Gén Galliéni 94000 Créteil,0145699101,https://agence-immozen.fr/categorie-produit/location/,contact@agence-immozen.fr [À VÉRIFIER],DEVINÉ
Orpi Baillot Gestion,Créteil,94000,94,82 boulevard Champigny 94210 La Varenne Saint Hilaire,0148835148,https://fr.mappy.com/poi/61723d1908b76a2ca2767786,contact@fr.mappy.com [À VÉRIFIER],DEVINÉ
Agence immobilière ORPI Choisy-Le-Roi,Créteil,94000,94,32 avenue Louis Luc 94600 Choisy le Roi,0148841122,https://www.118712.fr/professionnels/WkNWX1dRHgc,contact@118712.fr [À VÉRIFIER],DEVINÉ
Guy Hoquet La Varenne Saint Hilaire,Créteil,94000,94,48 avenue Bac 94210 La Varenne Saint Hilaire,0145181812,https://la-varenne-saint-hilaire.guy-hoquet.com/immobilier-saint-maur-des-fosses,contact@la-varenne-saint-hilaire.guy-hoquet.com [À VÉRIFIER],DEVINÉ
Arnaud Immobiliers Sas,Créteil,94000,94,8 rue D'Estienne d'Orves 94000 Créteil,0182392156,https://mes-commerces.ville-creteil.fr/professionnels/VkVVQlBbXFY,contact@mes-commerces.ville-creteil.fr [À VÉRIFIER],DEVINÉ
Foncia VAL DE MARNE,Créteil,94000,94,49 avenue Pierre Brossolette 94000 Créteil,0148994634,https://fr.foncia.com/agence-immobiliere/saint-maur-des-fosses-94/agence-immobiliere/foncia-val-de-marne-saint-maur-zola-5604,contact@fr.foncia.com [À VÉRIFIER],DEVINÉ
Alestia At'Immo,Créteil,94000,94,25 rue Mayenne 94000 Créteil,0984505816,,,MANQUANT
A2B IMMOBILIER,Créteil,94000,94,61 Bis rue Gén Leclerc 94000 Créteil,0145172323,https://www.fnaim-grand-paris.fr/agence-immobiliere-507-a2b-immobilier-creteil/1/,contact@fnaim-grand-paris.fr [À VÉRIFIER],DEVINÉ
Espace Grand Paris,Créteil,94000,94,1 rue Dominique Duvauchelle 94000 Créteil,0176504500,https://fr.mappy.com/poi/62998219370c5b0cbecd0b13,contact@fr.mappy.com [À VÉRIFIER],DEVINÉ
L'Angle Properties,Sceaux,92330,92,6 place Gén de Gaulle 92330 Sceaux,0146834001,https://annuaire-entreprises.data.gouv.fr/etablissement/75236499200038,contact@annuaire-entreprises.data.gouv.fr [À VÉRIFIER],DEVINÉ
Sceaux Home Immobilier,Sceaux,92330,92,29 rue Ecoles 92330 Sceaux,0610135281,https://www.seloger.com/professionnels-immobilier/FHjvtwuDN1Sk9pGe7Krrbq,contact@seloger.com [À VÉRIFIER],DEVINÉ
Foncia Transaction Agence Centrale,Sceaux,92330,92,35 rue Houdan 92330 Sceaux,0140911313,https://www.immodvisor.com/avis-63411-B3KD-GWILP-V4CTMX-NVHW-18158.html,contact@immodvisor.com [À VÉRIFIER],DEVINÉ
Les Agences Primo Sceaux,Sceaux,92330,92,60 Bis avenue Prés Franklin Roosevelt 92330 Sceaux,0141879440,https://www.lesagencesprimo.com/agences/agence-immobiliere-primo-sceaux-parc/,chosen-sprite@2x.png | contact@lesagencesprimo.com,CONFIRMÉ
De Kerangat Immobilier,Sceaux,92330,92,127 rue Houdan 92330 Sceaux,0146603636,https://www.dekerangatimmo.com/,contact@dekerangatimmo.com [À VÉRIFIER],DEVINÉ
Slava France,Sceaux,92330,92,184 rue Houdan 92330 Sceaux,0177379982,https://www.pappers.fr/entreprise/slava-france-753634989,contact@pappers.fr [À VÉRIFIER],DEVINÉ
Agence Du Chateau,Sceaux,92330,92,21 rue Houdan 92330 Sceaux,0146831395,https://www.agencechateau.fr/,contact@agencechateau.fr,CONFIRMÉ
Local Agent SAS,Sceaux,92330,92,bât 131 R Houdan 131 rue Houdan 92330 Sceaux,0610105000,https://fr.mappy.com/poi/5aaba9e00351d106a23d5d59,contact@fr.mappy.com [À VÉRIFIER],DEVINÉ
Foncia,Sceaux,92330,92,3 Bis rue Florian 92330 Sceaux,0155591515,https://fr.foncia.com/achat/sceaux-92330,contact@fr.foncia.com [À VÉRIFIER],DEVINÉ
Primo Sceaux Prestige,Sceaux,92330,92,2 avenue Camberwell 92330 Sceaux,0146832020,https://fr.mappy.com/poi/4d6da598b9eb2507efb3cec3,contact@fr.mappy.com [À VÉRIFIER],DEVINÉ
French Immobilier,Sceaux,92330,92,154 rue Houdan 92330 Sceaux,0613891397,https://french-immobilier.com/,contact@french-immobilier.com,CONFIRMÉ
Domissy'l'Immo,Issy-les-Moulineaux,92130,92,44 Bis rue Ernest Renan 92130 Issy les Moulineaux,0147364736,https://fr.mappy.com/poi/5d8c569c54c4c06509f7b1b0,contact@fr.mappy.com [À VÉRIFIER],DEVINÉ
NESTENN ISSY-LES-MOULINEAUX,Issy-les-Moulineaux,92130,92,60 avenue Victor Cresson 92130 Issy les Moulineaux,0141901069,https://immobilier-issy.nestenn.com/,contact@immobilier-issy.nestenn.com [À VÉRIFIER],DEVINÉ
Orpi Agence Martin,Issy-les-Moulineaux,92130,92,36 rue Jean Pierre Timbaud 92130 Issy les Moulineaux,0146444000,https://www.orpi.com/agencemartinissy/,contact@orpi.com [À VÉRIFIER],DEVINÉ
Foncia Transaction,Issy-les-Moulineaux,92130,92,15 avenue Victor Cresson 92130 Issy les Moulineaux,0141230470,https://fr.foncia.com/agence-immobiliere/issy-les-moulineaux-92130/agence-immobiliere/foncia-transaction-issy-les-moulineaux-1099,contact@fr.foncia.com [À VÉRIFIER],DEVINÉ
Immod'Issy,Issy-les-Moulineaux,92130,92,36 avenue Victor Cresson 92130 Issy les Moulineaux,0146448000,https://www.century21.fr/trouver_agence/agence/272055550/,contact@century21.fr [À VÉRIFIER],DEVINÉ
Agence Martin,Issy-les-Moulineaux,92130,92,8 avenue Victor Cresson 92130 Issy les Moulineaux,0146441040,https://www.orpi.com/agencemartinissy/,contact@orpi.com [À VÉRIFIER],DEVINÉ
Guy Hoquet L'Immobilier,Issy-les-Moulineaux,92130,92,54 rue Jean Pierre Timbaud 92130 Issy les Moulineaux,0141089898,https://issy-les-moulineaux.guy-hoquet.com/,contact@issy-les-moulineaux.guy-hoquet.com [À VÉRIFIER],DEVINÉ
Maisona-Immo,Issy-les-Moulineaux,92130,92,10 boulevard Voltaire 92130 Issy les Moulineaux,0180873267,https://fr.mappy.com/poi/5fd611d2aa455b2ae5576104,contact@fr.mappy.com [À VÉRIFIER],DEVINÉ
Guy Hoquet Immobilier,Issy-les-Moulineaux,92130,92,14 rue Gén Leclerc 92130 Issy les Moulineaux,0146381838,https://issy-les-moulineaux.guy-hoquet.com/faire-gerer/issy-les-moulineaux/gestion-locative,informatique-et-libertes@guy-hoquet.com,CONFIRMÉ
Immobilière Parent,Issy-les-Moulineaux,92130,92,15 avenue Victor Cresson 92130 Issy les Moulineaux,0155958888,https://immobiliereparent.com/fr/immobilier-issy-les-moulineaux,contact@immobiliereparent.com [À VÉRIFIER],DEVINÉ
Agence du Bois Joli,Issy-les-Moulineaux,92130,92,40 rue Ernest Renan 92130 Issy les Moulineaux,0146486464,https://www.agencesduboisjoli.com/,contact@agencesduboisjoli.com,CONFIRMÉ
Stéphane Plaza Immobilier,Issy-les-Moulineaux,92130,92,7 avenue Victor Cresson 92130 Issy les Moulineaux,0155959500,https://www.stephaneplazaimmobilier.com/agences/issy/,ymoati@stephaneplazaimmobilier.com | awalter@stephaneplazaimmobilier.com | lvilleneuve@stephaneplazaimmobilier.com | issylesmoulineaux@stephaneplazaimmobilier.com,CONFIRMÉ
Immob'Ilier Saint-Germain,Issy-les-Moulineaux,92130,92,15 avenue Jean Monnet 92130 Issy les Moulineaux,0607576051,https://www.immobilier-saint-germain.fr/,contact@immosg.fr,CONFIRMÉ
Laforêt,Issy-les-Moulineaux,92130,92,2 rue Auguste Gervais 92130 Issy les Moulineaux,0177440102,https://www.laforet.com/ville/immobilier-issy-les-moulineaux-92130,contact@laforet.com [À VÉRIFIER],DEVINÉ
Scorsim Gestion,Issy-les-Moulineaux,92130,92,26 rue Diderot 92130 Issy les Moulineaux,0155959460,https://fr.mappy.com/poi/4fe04e7384aede0ec33a20c8,contact@fr.mappy.com [À VÉRIFIER],DEVINÉ
Keller Williams Rive Gauche,Issy-les-Moulineaux,92130,92,29 rue Ernest Renan 92130 Issy les Moulineaux,0176341057,https://www.seloger.com/professionnels-immobilier/9QiLpFWyytVfyHY5XmvnCB,contact@seloger.com [À VÉRIFIER],DEVINÉ
ERA Agence Corentin Celton,Issy-les-Moulineaux,92130,92,8 boulevard Voltaire 92130 Issy les Moulineaux,0146453000,https://fr.mappy.com/poi/51147b7184ae45f267615469,contact@fr.mappy.com [À VÉRIFIER],DEVINÉ
Era Centre-essonne Immobilier,Évry-Courcouronnes,91000,91,114 allée Champs Elysées 91000 Evry,0164850000,https://fr.mappy.com/poi/50ae49cc84ae9be1483c6b5a,contact@fr.mappy.com [À VÉRIFIER],DEVINÉ
Sandrine Abou,Évry-Courcouronnes,91000,91,5 villa Marot 91080 Courcouronnes,0622360694,https://bskimmobilier.com/sandrine-abou-7554,contact@bskimmobilier.com [À VÉRIFIER],DEVINÉ
AGEVRY AGENCE IMMOBILIERE D'EVRY SA,Évry-Courcouronnes,91000,91,1 place Rouillon 91000 Evry,0160777165,https://fr.mappy.com/poi/53c7115be4b05c124b4422dc,contact@fr.mappy.com [À VÉRIFIER],DEVINÉ
Sixième Avenue - L'immobilier par M6,Évry-Courcouronnes,91000,91,27 boulevard François Mitterrand 91000 Evry,0184181111,https://www.sixiemeavenue.com/agences/evry/,evry@sixiemeavenue.com | contact@optima-gestion.immo | afavrebonte@sixiemeavenue.com | skhamssi@sixiemeavenue.com | cbongibault@sixiemeavenue.com | mmonchecourt@sixiemeavenue.com | cdupont@sixiemeavenue.com | slhotellier@sixiemeavenue.com | bgoncalves@sixiemeavenue.com | almendes@sixiemeavenue.com | adillinger@sixiemeavenue.com,CONFIRMÉ
Sergic,Évry-Courcouronnes,91000,91,6 allée Champs Elysées 91000 Evry,0160784000,https://www.sergic.com/agence-immobiliere/evry-91000/,transaction.letouquet@sergic.com | cropped-favicon-g@150x-32x32.png | transaction.lille@sergic.com | e_sergic@sergic.com | slemaitre@sergic.com | l_gamme_syndic_mk@sergic.com | cropped-favicon-g@150x-270x270.png | transaction.reims@sergic.com | transaction.nantes@sergic.com | transaction.lamadeleine@sergic.com | transaction.paris8@sergic.com | jplancke@sergic.com | transaction.mons@sergic.com | transaction.douai@sergic.com | transaction.bethune@sergic.com | chucher@sergic.com | transaction.lambersart@sergic.com | entreprises@sergic.com | cropped-favicon-g@150x-180x180.png | transaction.berck@sergic.com | transaction.arras@sergic.com | transaction.lecrotoy@sergic.com | sharari@sergic.com | transaction.paris15@sergic.com | transaction.boulogne@sergic.com | ccga.assurances@gmail.com | transaction.orleans@sergic.com | jean.dupont@gmail.com | transaction.hardelot@sergic.com | transaction.bussy@sergic.com | transaction@cabinetdevaux.com | gerance@cabinetdevaux.com | transaction.eaubonne@sergic.com | transaction.evry@sergic.com | nbaloge@sergic.com | transaction.tourcoing@sergic.com | transaction.cergy@sergic.com | transaction.paris10@sergic.com | service.immo@tassou-gestion.com | serviceclient@sergic.com | asengelbrecht@sergic.com | transaction.compiegne@sergic.com | transaction.pontoise@sergic.com | transaction.reze@sergic.com | transaction.palaiseau@sergic.com | cropped-favicon-g@150x-192x192.png | transaction.viroflay@sergic.com | transaction.angers@sergic.com | transaction.amiens@sergic.com,CONFIRMÉ
Laforêt,Évry-Courcouronnes,91000,91,29 rue Michel Ange 91080 Courcouronnes,0160911650,https://www.laforet.com/agence-immobiliere/evry,contact@laforet.com [À VÉRIFIER],DEVINÉ
APF Agence Parisienne et Francilienne,Évry-Courcouronnes,91000,91,39-41 39 rue Paul Claudel 91000 Evry,0160872005,https://fr.mappy.com/poi/649c790611511841f36bd2d3,contact@fr.mappy.com [À VÉRIFIER],DEVINÉ
Infinéo Immobilier,Évry-Courcouronnes,91000,91,16 r Jacques Tati 16 rue JACQUES TATI 91000 Evry,0160776803,https://fr.mappy.com/poi/67b6a9018c3a0343b6d510f5,contact@fr.mappy.com [À VÉRIFIER],DEVINÉ
La Résidence,Évry-Courcouronnes,91000,91,72 allée Champs Elysées 91080 Courcouronnes,0169234525,https://www.meilleursagents.com/agence-immobiliere/agence-la-residence-evry-61496/,contact@meilleursagents.com [À VÉRIFIER],DEVINÉ
Kallia Immobilier,Évry-Courcouronnes,91000,91,8 10 Courcouronnes 8 rue Bois Sauvage 91000 Evry,0185120585,https://kallia-immobilier.fr/guide-copropriete/evry-courcouronnes-91/,contact@kallia-immobilier.fr [À VÉRIFIER],DEVINÉ
Nexity Lamy,Évry-Courcouronnes,91000,91,72 allée Champs Elysées 91080 Courcouronnes,0182305470,https://www.meilleurecopro.com/syndic-de-copropriete/cabinet/nexity-lamy-evry-courcouronnes-48753009903285,contact@meilleurecopro.com [À VÉRIFIER],DEVINÉ
GSA Immobilier,Évry-Courcouronnes,91000,91,52 boulevard Yerres 91000 Evry,0160775544,https://annuaire-entreprises.data.gouv.fr/entreprise/379317159,contact@annuaire-entreprises.data.gouv.fr [À VÉRIFIER],DEVINÉ
Mabena Immobilier,Évry-Courcouronnes,91000,91,Courcouronnes Le Magellan 7 rue Montespan 91000 Evry,0188210030,https://annuaire-entreprises.data.gouv.fr/etablissement/89518398600028,contact@annuaire-entreprises.data.gouv.fr [À VÉRIFIER],DEVINÉ
Century 21-Eureka,Évry-Courcouronnes,91000,91,1 rue Montespan 91000 Evry,0169908510,https://www.century21.fr/trouver_agence/agence/710891439/,eureka.evry@century21.fr,CONFIRMÉ
Soliha,Évry-Courcouronnes,91000,91,39 rue Paul Claudel 91000 Evry,0169130492,https://soliha.fr/,contact.essonne@soliha.fr,CONFIRMÉ
Foncia,Évry-Courcouronnes,91000,91,60 allée Champs Elysées 91080 Courcouronnes,0144786076,https://fr.foncia.com/agence-immobiliere/evry-courcouronnes-91/agence-immobiliere/ft-efimo-evry-courcouronnes-7581,ft-efimo-evry@foncia.com | serviceclient-senartgatinais@foncia.com,CONFIRMÉ
Agence immobilière l'Adresse Vitry-sur-Seine,Vitry-sur-Seine,94400,94,125 avenue Paul Vaillant Couturier 94400 Vitry sur Seine,0155532000,https://www.ladresse.com/agence/l-adresse-vitry-sur-seine/45,vitry@ladresse.com,CONFIRMÉ
123Webimmo,Vitry-sur-Seine,94400,94,8 rue Raphaël 94400 Vitry sur Seine,0640916786,https://www.123webimmo.com/agences/agence-de-vitry,vitry@123webimmo.com,CONFIRMÉ
Immobiliere du Parc,Vitry-sur-Seine,94400,94,47 avenue Paul Vaillant Couturier 94400 Vitry sur Seine,0147180000,https://annuaire-entreprises.data.gouv.fr/entreprise/433067741,contact@immobiliere-du-parc.fr | vitrysurseine@laforet.com,CONFIRMÉ
Cabinet Favreau Vitry Gare,Vitry-sur-Seine,94400,94,16 avenue Paul Vaillant Couturier 94400 Vitry sur Seine,0146710000,https://www.lesagencesprimo.com/agences/agence-immobiliere-primo-favreau-vitry-gare/,chosen-sprite@2x.png | contact@lesagencesprimo.com,CONFIRMÉ
Orpi Gare Immobilier,Vitry-sur-Seine,94400,94,5 avenue Anatole France 94400 Vitry sur Seine,0143917264,,gareimmobilier@orpi.com,CONFIRMÉ
Century 21- Raspail,Vitry-sur-Seine,94400,94,117 avenue Paul Vaillant Couturier 94400 Vitry sur Seine,0177440000,https://www.century21.fr/trouver_agence/agence/1998146048/,contact@century21.fr [À VÉRIFIER],DEVINÉ
Immobilier Mottin,Vitry-sur-Seine,94400,94,59 Bis avenue Paul Vaillant Couturier 94400 Vitry sur Seine,0146823979,https://www.immobiliermottin.com/,vente@agencemottin.com,CONFIRMÉ
L'Agence Schmider,Vitry-sur-Seine,94400,94,7 avenue Abbé Roger Derry 94400 Vitry sur Seine,0146802029,https://www.meilleursagents.com/agence-immobiliere/agence-l-agence-schmider-71287/,contact@lagenceschmider.com,CONFIRMÉ
À TOI TON TOIT IMMOBILIER VILLEJUIF - Agence immobilière,Vitry-sur-Seine,94400,94,24 Bis rue Jean Jaurès 94800 Villejuif,0146719610,https://fr.mappy.com/poi/5e588db554c4c07549327377,contact@fr.mappy.com [À VÉRIFIER],DEVINÉ
Immobilière Paris Sud Est,Vitry-sur-Seine,94400,94,12 allée Petit Tonneau 94400 Vitry sur Seine,0145736565,https://annuaire-entreprises.data.gouv.fr/entreprise/602061137,contact@semise.fr,CONFIRMÉ
Agence immobilière ORPI Choisy-Le-Roi,Vitry-sur-Seine,94400,94,32 avenue Louis Luc 94600 Choisy le Roi,0148841122,https://fr.mappy.com/poi/50ac9e7b84ae72e3f258682a,contact@fr.mappy.com [À VÉRIFIER],DEVINÉ
Guy Hoquet,Vitry-sur-Seine,94400,94,47 avenue Abbé Roger Derry 94400 Vitry sur Seine,0155531717,https://vitry-sur-seine.guy-hoquet.com/,vitry-sur-seine@guyhoquet.com,CONFIRMÉ
Meet immobilier,Vitry-sur-Seine,94400,94,2 Bis avenue M de Robespierre 94400 Vitry sur Seine,0148908000,https://immobilier.lefigaro.fr/annonces/agence+immobiliere-113794-tous-bien.html,contact@meet-immo.com,CONFIRMÉ
Etude AMSELEM,Vitry-sur-Seine,94400,94,7 rue Henri Dunant 94550 Chevilly Larue,0146860563,https://www.seloger.com/professionnels-immobilier/L7UBXd8pukDjGFTU1DpYTR,amselem.gestion@wanadoo.fr | patriceamselem.ai@gmail.com,CONFIRMÉ
L’immobilière du Grand Paris,Vitry-sur-Seine,94400,94,23 avenue Paul Vaillant Couturier 94400 Vitry sur Seine,0147183320,https://fr.mappy.com/poi/521ecc3f84ae92eaa33b1c88,contact@fr.mappy.com [À VÉRIFIER],DEVINÉ
Cabinet Laverdet SARL,Vitry-sur-Seine,94400,94,5 avenue Paul Vaillant Couturier 94400 Vitry sur Seine,0146802827,https://entreprises.lefigaro.fr/cabinet-laverdet-94/entreprise-572122869,contact@fdlaverdet.com,CONFIRMÉ
Cabinet Nicolas Immobilier SAS,Vitry-sur-Seine,94400,94,100 avenue Georges Gosnat 94200 Ivry sur Seine,0146725536,https://fr.mappy.com/poi/4d6d6248b9eb25071bd0ccc3,transactions@sas-nicolas.com,CONFIRMÉ
Agence immobilière l'Adresse Saint-Maur-des-Fossés,Saint-Maur-des-Fossés,94100,94,21 boulevard Maurice Berteaux 94100 Saint Maur des Fossés,0142836061,https://www.ladresse.com/agence/l-adresse-saint-maur-des-fosses/39,contact@ladresse.com [À VÉRIFIER],DEVINÉ
ERA Immobilier,Saint-Maur-des-Fossés,94100,94,6 rue Remises 94100 Saint Maur des Fossés,0142833000,https://www.eraimmobilier.com/agence-immobiliere-saint-maur-des-fosses-71,globe@2x-s5g7n6bj.webp | flags@2x-l67j7qlu.webp | realtyconseil-immo@erafrance.com | mentions-legales@erafrance.com,CONFIRMÉ
CABINET GUERIN - F.P Gestion,Saint-Maur-des-Fossés,94100,94,40 avenue Foch 94100 Saint Maur des Fossés,0148838551,https://www.seloger.com/professionnels-immobilier/KVmrvNRbQ7ym1zQJ1GpgLZ,accueil@cabinetguerin.fr,CONFIRMÉ
Flamel,Saint-Maur-des-Fossés,94100,94,33 avenue République 94100 Saint Maur des Fossés,0155122122,https://www.agenceflamelimmobilier.com/,contactagenceflamelimmobilier@gmail.com,CONFIRMÉ
ORPI MGM Immobilier,Saint-Maur-des-Fossés,94100,94,30 rue La Varenne 94100 Saint Maur des Fossés,0148833535,https://www.orpi.com/mgmimmobilier/,mgmimmobilier@orpi.com,CONFIRMÉ
Orpi Berec Immobilier,Saint-Maur-des-Fossés,94100,94,32 rue Four 94100 Saint Maur des Fossés,0145140030,https://berecimmobilier.com/index.php/lagence-de-saint-maur/,berecimmobilier@orpi.com | location.berec@orpi.com | berecchampigny@orpi.com | berecvsm@orpi.com | actionimmobilier@orpi.com | berec@orpi.com,CONFIRMÉ
ORPI SAINT-MAUR MAIRIE,Saint-Maur-des-Fossés,94100,94,15 Bis avenue République 94100 Saint Maur des Fossés,0141810160,https://www.orpi.com/saintmaurmairie/acheter,saintmaurmairie@orpi.com,CONFIRMÉ
Orpi Baillot Immobilier,Saint-Maur-des-Fossés,94100,94,82 boulevard Champigny 94210 La Varenne Saint Hilaire,0148835148,https://www.orpi.com/gestion.baillotimmobilier/,baillotimmobilier@orpi.com,CONFIRMÉ
Orpi Capitole,Saint-Maur-des-Fossés,94100,94,71 boulevard Créteil 94100 Saint Maur des Fossés,0155123730,https://www.orpi.com/capitoleimmobilier/,capitoleimmobilier@orpi.com,CONFIRMÉ
Côté Particuliers,Saint-Maur-des-Fossés,94100,94,8 place John Fitzgérald Kennedy 94100 Saint Maur des Fossés,0155972362,https://saintmaur.coteparticuliers.com/,contact@coteparticuliers.com,CONFIRMÉ
Guy Hoquet La Varenne Saint Hilaire,Saint-Maur-des-Fossés,94100,94,48 avenue Bac 94210 La Varenne Saint Hilaire,0145181812,https://la-varenne-saint-hilaire.guy-hoquet.com/,lavarennesainthilaire@guyhoquet.com,CONFIRMÉ
Agence Nestenn Immobilier SAINT MAUR DES FOSSES,Saint-Maur-des-Fossés,94100,94,67 avenue République 94100 Saint Maur des Fossés,0155091212,https://fr.mappy.com/poi/572524699191b063322c4fcd,contact@fr.mappy.com [À VÉRIFIER],DEVINÉ
Laforêt,Saint-Maur-des-Fossés,94100,94,69 boulevard Créteil 94100 Saint Maur des Fossés,0142833359,https://www.laforet.com/agence-immobiliere/saint-maur-adamville,contact@laforet.com [À VÉRIFIER],DEVINÉ
Progress Immo,Saint-Maur-des-Fossés,94100,94,10 avenue Doct Calmette 94100 Saint Maur des Fossés,0188283167,https://www.progress-immo.com/,contact@progress-immo.fr | contact@progress-immo.com,CONFIRMÉ
Century 21,Saint-Maur-des-Fossés,94100,94,74 avenue Jean Jaurès 94100 Saint Maur des Fossés,0143979428,https://www.century21.fr/annonces/achat-maison/cpv-94100_st+maur+des+fosses/,lesclesduparc@century21.fr,CONFIRMÉ
Gk Immo,Saint-Maur-des-Fossés,94100,94,105 Bis avenue Beaurepaire 94100 Saint Maur des Fossés,0624414861,https://annuaire-entreprises.data.gouv.fr/entreprise/gk-immo-930311949,contact@annuaire-entreprises.data.gouv.fr [À VÉRIFIER],DEVINÉ
Brunet Immobilier,Saint-Maur-des-Fossés,94100,94,12 avenue Foch 94100 Saint Maur des Fossés,0148830055,https://www.brunet-immobilier.fr/,contact@brunet-immobilier.fr,CONFIRMÉ
Agence immobilière l'Adresse Palaiseau,Palaiseau,91120,91,280 rue Paris 91120 Palaiseau,0169752020,https://www.ladresse.com/agence/l-adresse-palaiseau-agence-du-grand-paris/111,palaiseau@ladresse.com,CONFIRMÉ
Logisvert,Palaiseau,91120,91,2 rue Alfred de Musset 91120 Palaiseau,0169310000,https://www.logisvert.com/,palaiseau@logisvert.com,CONFIRMÉ
ERA Immobilier Palaiseau,Palaiseau,91120,91,100 rue Paris 91120 Palaiseau,0169530000,https://www.eraimmobilier.com/agence-immobiliere-palaiseau-117,globe@2x-s5g7n6bj.webp | flags@2x-l67j7qlu.webp | sct@erafrance.com | mentions-legales@erafrance.com,CONFIRMÉ
Evolis,Palaiseau,91120,91,Parc Gutenberg 6 voie La Cardon 91120 Palaiseau,0169591920,https://www.evolis-ie.com/offres-immobilier/location/bureaux/palaiseau-91120/,contact@evolis-ie.com,CONFIRMÉ
F . Immo Laforêt,Palaiseau,91120,91,37 rue Paris 91120 Palaiseau,0169315353,https://www.118712.fr/professionnels/WkpXV1RVHQc,palaiseau@laforet.com,CONFIRMÉ
Immo De France,Palaiseau,91120,91,7 rue Paris 91120 Palaiseau,0169100310,https://www.procivis.fr/agences/ile-de-france/essonne/palaiseau/immo-de-france-palaiseau,vente.palaiseau@immodefrance.com,CONFIRMÉ
Sergic Palaiseau,Palaiseau,91120,91,21 avenue Alliés 91120 Palaiseau,0181870980,https://www.seloger.com/professionnels-immobilier/LrKrDN1tfAnyhjaCmiccXr,contact@seloger.com [À VÉRIFIER],DEVINÉ
Orpi Arras Immobilier,Palaiseau,91120,91,92 rue Paris 91120 Palaiseau,0169314427,https://www.118712.fr/professionnels/X0VWXlZXHgM,orpipalaiseau@orpi.com,CONFIRMÉ
Foncia,Palaiseau,91120,91,164 rue Paris 91120 Palaiseau,0159303582,https://fr.foncia.com/agence-immobiliere/palaiseau-91120/agence-immobiliere/foncia-immobilias-palaiseau-7146,immobilias-palaiseau@foncia.com | ft-efimo-palaiseau@foncia.com,CONFIRMÉ
Agence Le Maréchal,Palaiseau,91120,91,11 rue Paris 91120 Palaiseau,0160141440,https://www.agence-le-marechal.fr/,contact@agence-le-marechal.fr [À VÉRIFIER],DEVINÉ
Marie Morgane,Palaiseau,91120,91,149 rue Paris 91120 Palaiseau,0169315533,http://www.mariemorgane.fr/,mariemorgane-palaiseau@orange.fr,CONFIRMÉ
L'autre Immobilier,Palaiseau,91120,91,69 rue Paris 91120 Palaiseau,0169313721,https://lautre-immobilier.fr/,contact@lautre-immobilier.fr,CONFIRMÉ
Foncia,Palaiseau,91120,91,161 rue Paris 91120 Palaiseau,0169188905,https://fr.foncia.com/agence-immobiliere/palaiseau-91120/agence-immobiliere/foncia-immobilias-palaiseau-7146,immobilias-palaiseau@foncia.com | ft-efimo-palaiseau@foncia.com,CONFIRMÉ
Avenir Immobilier,Palaiseau,91120,91,2 Bis rue Léon Blum 91120 Palaiseau,0160109328,https://fr.mappy.com/poi/6405a9564f9bb81e4ca0452b,contact@fr.mappy.com [À VÉRIFIER],DEVINÉ
Agence immobilière l'Adresse Massy,Palaiseau,91120,91,28 avenue Raymond Aron 91300 Massy,0169531010,https://www.ladresse.com/agence/l-adresse-vilmorin-immobilier/275,contact@ladresse.com [À VÉRIFIER],DEVINÉ
Foncit Gestion,Palaiseau,91120,91,78 rue Paris 91120 Palaiseau,0169938339,https://www.ville-palaiseau.fr/information-transversale/annuaires-de-la-ville/annuaire-des-commerces-services/orpi-foncit-gestion-1743,orpipalaiseau@orpi.com,CONFIRMÉ
Alvimmo,Palaiseau,91120,91,19 avenue Gén Leclerc 91120 Palaiseau,0160149797,https://www.alvimmo.com/,alvimmo@alvimmo.fr,CONFIRMÉ
Camille Claudel Immobilier,Palaiseau,91120,91,19 rue Royon 91120 Palaiseau,0967341570,https://annuaire-entreprises.data.gouv.fr/etablissement/81136636800033,contact@annuaire-entreprises.data.gouv.fr [À VÉRIFIER],DEVINÉ
Polygone,Palaiseau,91120,91,32 rue Anatole France 91120 Palaiseau,0631437518,https://fr.mappy.com/poi/6405a96c4f9bb81e4ca04586,contact@fr.mappy.com [À VÉRIFIER],DEVINÉ
